sample_number,set_number,light_number,orientation_angle_deg,image_name,shutter_speed,aperture,iso,peak_start,peak,peak_end
5,3,1,0,IMG_0175,1/6,8.0,100,193,207,227
5,3,1,0,IMG_0176,1/8,8.0,100,179,194,213
5,3,1,0,IMG_0177,1/10,8.0,100,163,177,194
5,3,1,0,IMG_0178,1/13,8.0,100,143,159,176
5,3,1,0,IMG_0179,1/15,8.0,100,123,138,156
5,3,1,0,IMG_0180,1/20,8.0,100,106,120,137
5,3,1,0,IMG_0181,1/25,8.0,100,89,103,119
5,3,1,0,IMG_0182,1/30,8.0,100,75,88,102
5,3,1,0,IMG_0183,1/40,8.0,100,59,71,82
5,3,1,0,IMG_0184,1/50,8.0,100,47,58,68
5,3,1,5,IMG_0185,1/6,8.0,100,195,210,227
5,3,1,5,IMG_0186,1/8,8.0,100,178,194,210
5,3,1,5,IMG_0187,1/10,8.0,100,161,176,190
5,3,1,5,IMG_0188,1/13,8.0,100,143,159,175
5,3,1,5,IMG_0189,1/15,8.0,100,124,141,156
5,3,1,5,IMG_0190,1/20,8.0,100,105,120,134
5,3,1,5,IMG_0191,1/25,8.0,100,89,103,117
5,3,1,5,IMG_0192,1/30,8.0,100,72,85,97
5,3,1,5,IMG_0193,1/40,8.0,100,60,72,83
5,3,1,5,IMG_0194,1/50,8.0,100,47,58,67
5,3,1,10,IMG_0001,1/6,8.0,100,196,209,225
5,3,1,10,IMG_0002,1/8,8.0,100,182,196,211
5,3,1,10,IMG_0003,1/10,8.0,100,164,177,191
5,3,1,10,IMG_0004,1/13,8.0,100,145,159,174
5,3,1,10,IMG_0005,1/15,8.0,100,124,139,154
5,3,1,10,IMG_0006,1/20,8.0,100,105,118,132
5,3,1,10,IMG_0007,1/25,8.0,100,89,102,115
5,3,1,10,IMG_0008,1/30,8.0,100,75,87,99
5,3,1,10,IMG_0009,1/40,8.0,100,60,71,82
5,3,1,10,IMG_0010,1/50,8.0,100,48,58,68
5,3,1,15,IMG_0011,1/6,8.0,100,199,211,223
5,3,1,15,IMG_0012,1/8,8.0,100,183,196,207
5,3,1,15,IMG_0013,1/10,8.0,100,165,177,188
5,3,1,15,IMG_0014,1/13,8.0,100,146,160,172
5,3,1,15,IMG_0015,1/15,8.0,100,127,141,153
5,3,1,15,IMG_0016,1/20,8.0,100,108,120,132
5,3,1,15,IMG_0017,1/25,8.0,100,92,104,115
5,3,1,15,IMG_0018,1/30,8.0,100,75,87,97
5,3,1,15,IMG_0019,1/40,8.0,100,62,72,82
5,3,1,15,IMG_0020,1/50,8.0,100,49,59,68
5,3,1,20,IMG_0021,1/6,8.0,100,200,211,223
5,3,1,20,IMG_0022,1/8,8.0,100,182,193,206
5,3,1,20,IMG_0023,1/10,8.0,100,166,177,188
5,3,1,20,IMG_0024,1/13,8.0,100,148,159,172
5,3,1,20,IMG_0025,1/15,8.0,100,130,141,154
5,3,1,20,IMG_0026,1/20,8.0,100,109,121,132
5,3,1,20,IMG_0027,1/25,8.0,100,92,103,114
5,3,1,20,IMG_0028,1/30,8.0,100,76,86,97
5,3,1,20,IMG_0029,1/40,8.0,100,62,72,82
5,3,1,20,IMG_0030,1/50,8.0,100,50,59,68
5,3,2,0,IMG_0183,1/6,8.0,100,187,204,217
5,3,2,0,IMG_0184,1/8,8.0,100,172,189,201
5,3,2,0,IMG_0185,1/10,8.0,100,153,170,181
5,3,2,0,IMG_0186,1/13,8.0,100,133,150,163
5,3,2,0,IMG_0187,1/15,8.0,100,113,130,142
5,3,2,0,IMG_0188,1/20,8.0,100,98,114,125
5,3,2,0,IMG_0189,1/25,8.0,100,80,95,105
5,3,2,0,IMG_0190,1/30,8.0,100,67,81,90
5,3,2,0,IMG_0191,1/40,8.0,100,53,65,74
5,3,2,0,IMG_0192,1/50,8.0,100,43,54,62
5,3,2,5,IMG_0193,1/6,8.0,100,187,202,216
5,3,2,5,IMG_0194,1/8,8.0,100,172,186,199
5,3,2,5,IMG_0195,1/10,8.0,100,153,168,180
5,3,2,5,IMG_0196,1/13,8.0,100,135,151,164
5,3,2,5,IMG_0197,1/15,8.0,100,115,130,142
5,3,2,5,IMG_0198,1/20,8.0,100,99,113,124
5,3,2,5,IMG_0199,1/25,8.0,100,82,95,106
5,3,2,5,IMG_0200,1/30,8.0,100,68,79,90
5,3,2,5,IMG_0201,1/40,8.0,100,54,65,74
5,3,2,5,IMG_0202,1/50,8.0,100,43,52,61
5,3,2,10,IMG_0203,1/6,8.0,100,190,203,214
5,3,2,10,IMG_0204,1/8,8.0,100,173,186,196
5,3,2,10,IMG_0205,1/10,8.0,100,156,169,179
5,3,2,10,IMG_0206,1/13,8.0,100,134,148,159
5,3,2,10,IMG_0207,1/15,8.0,100,117,131,142
5,3,2,10,IMG_0208,1/20,8.0,100,98,111,121
5,3,2,10,IMG_0209,1/25,8.0,100,83,95,105
5,3,2,10,IMG_0210,1/30,8.0,100,68,79,88
5,3,2,10,IMG_0211,1/40,8.0,100,54,64,73
5,3,2,10,IMG_0212,1/50,8.0,100,43,52,60
5,3,2,15,IMG_0213,1/6,8.0,100,192,204,215
5,3,2,15,IMG_0214,1/8,8.0,100,175,187,198
5,3,2,15,IMG_0215,1/10,8.0,100,156,169,179
5,3,2,15,IMG_0216,1/13,8.0,100,137,150,162
5,3,2,15,IMG_0217,1/15,8.0,100,117,130,142
5,3,2,15,IMG_0218,1/20,8.0,100,99,111,122
5,3,2,15,IMG_0219,1/25,8.0,100,83,95,105
5,3,2,15,IMG_0220,1/30,8.0,100,67,78,87
5,3,2,15,IMG_0221,1/40,8.0,100,55,65,73
5,3,2,15,IMG_0222,1/50,8.0,100,44,53,61
5,3,2,20,IMG_0223,1/6,8.0,100,198,209,219
5,3,2,20,IMG_0224,1/8,8.0,100,182,193,204
5,3,2,20,IMG_0225,1/10,8.0,100,164,175,185
5,3,2,20,IMG_0226,1/13,8.0,100,143,155,167
5,3,2,20,IMG_0227,1/15,8.0,100,123,136,146
5,3,2,20,IMG_0228,1/20,8.0,100,105,116,126
5,3,2,20,IMG_0229,1/25,8.0,100,90,101,111
5,3,2,20,IMG_0230,1/30,8.0,100,72,83,92
5,3,2,20,IMG_0231,1/40,8.0,100,60,69,78
5,3,2,20,IMG_0232,1/50,8.0,100,47,57,65
5,3,3,0,IMG_0233,1/6,8.0,100,194,209,224
5,3,3,0,IMG_0234,1/8,8.0,100,177,191,206
5,3,3,0,IMG_0235,1/10,8.0,100,158,173,185
5,3,3,0,IMG_0236,1/13,8.0,100,139,155,169
5,3,3,0,IMG_0237,1/15,8.0,100,120,136,149
5,3,3,0,IMG_0238,1/20,8.0,100,102,116,128
5,3,3,0,IMG_0239,1/25,8.0,100,86,100,112
5,3,3,0,IMG_0240,1/30,8.0,100,70,82,92
5,3,3,0,IMG_0241,1/40,8.0,100,56,67,76
5,3,3,0,IMG_0242,1/50,8.0,100,46,56,65
5,3,3,5,IMG_0245,1/6,8.0,100,190,205,221
5,3,3,5,IMG_0246,1/8,8.0,100,176,191,206
5,3,3,5,IMG_0247,1/10,8.0,100,160,174,187
5,3,3,5,IMG_0248,1/13,8.0,100,139,155,169
5,3,3,5,IMG_0249,1/15,8.0,100,119,135,149
5,3,3,5,IMG_0250,1/20,8.0,100,103,117,130
5,3,3,5,IMG_0251,1/25,8.0,100,87,101,113
5,3,3,5,IMG_0252,1/30,8.0,100,72,84,95
5,3,3,5,IMG_0253,1/40,8.0,100,57,68,78
5,3,3,5,IMG_0254,1/50,8.0,100,44,54,63
5,3,3,10,IMG_0256,1/6,8.0,100,193,206,222
5,3,3,10,IMG_0257,1/8,8.0,100,178,191,206
5,3,3,10,IMG_0258,1/10,8.0,100,160,173,186
5,3,3,10,IMG_0259,1/13,8.0,100,139,154,169
5,3,3,10,IMG_0260,1/15,8.0,100,120,135,149
5,3,3,10,IMG_0261,1/20,8.0,100,98,111,124
5,3,3,10,IMG_0262,1/25,8.0,100,85,98,110
5,3,3,10,IMG_0263,1/30,8.0,100,70,82,92
5,3,3,10,IMG_0264,1/40,8.0,100,57,67,77
5,3,3,10,IMG_0265,1/50,8.0,100,45,54,63
5,3,3,15,IMG_0266,1/6,8.0,100,194,208,223
5,3,3,15,IMG_0267,1/8,8.0,100,176,190,204
5,3,3,15,IMG_0268,1/10,8.0,100,160,173,186
5,3,3,15,IMG_0269,1/13,8.0,100,140,155,169
5,3,3,15,IMG_0270,1/15,8.0,100,122,137,150
5,3,3,15,IMG_0271,1/20,8.0,100,103,117,129
5,3,3,15,IMG_0272,1/25,8.0,100,85,98,110
5,3,3,15,IMG_0273,1/30,8.0,100,69,81,91
5,3,3,15,IMG_0274,1/40,8.0,100,57,68,77
5,3,3,15,IMG_0275,1/50,8.0,100,45,55,64
5,3,3,20,IMG_0277,1/6,8.0,100,196,209,223
5,3,3,20,IMG_0278,1/8,8.0,100,179,193,206
5,3,3,20,IMG_0279,1/10,8.0,100,162,175,186
5,3,3,20,IMG_0280,1/13,8.0,100,140,155,168
5,3,3,20,IMG_0281,1/15,8.0,100,123,137,150
5,3,3,20,IMG_0282,1/20,8.0,100,105,118,130
5,3,3,20,IMG_0283,1/25,8.0,100,88,101,112
5,3,3,20,IMG_0284,1/30,8.0,100,71,82,92
5,3,3,20,IMG_0285,1/40,8.0,100,59,70,79
5,3,3,20,IMG_0286,1/50,8.0,100,48,58,66
5,3,4,0,IMG_0287,1/6,8.0,100,170,187,197
5,3,4,0,IMG_0288,1/8,8.0,100,150,167,177
5,3,4,0,IMG_0289,1/10,8.0,100,130,147,158
5,3,4,0,IMG_0290,1/13,8.0,100,112,129,139
5,3,4,0,IMG_0291,1/15,8.0,100,94,110,120
5,3,4,0,IMG_0292,1/20,8.0,100,78,92,102
5,3,4,0,IMG_0293,1/25,8.0,100,63,76,86
5,3,4,0,IMG_0294,1/30,8.0,100,50,62,71
5,3,4,0,IMG_0295,1/40,8.0,100,41,51,60
5,3,4,0,IMG_0296,1/50,8.0,100,36,42,49
5,3,4,5,IMG_0297,1/6,8.0,100,129,198,206
5,3,4,5,IMG_0298,1/6,8.0,100,176,189,199
5,3,4,5,IMG_0299,1/8,8.0,100,159,172,181
5,3,4,5,IMG_0300,1/10,8.0,100,139,153,163
5,3,4,5,IMG_0301,1/13,8.0,100,117,131,140
5,3,4,5,IMG_0302,1/15,8.0,100,99,112,121
5,3,4,5,IMG_0303,1/20,8.0,100,84,96,106
5,3,4,5,IMG_0304,1/25,8.0,100,68,79,88
5,3,4,5,IMG_0305,1/30,8.0,100,55,65,73
5,3,4,5,IMG_0306,1/40,8.0,100,44,53,61
5,3,4,5,IMG_0307,1/50,8.0,100,36,43,50
5,3,4,10,IMG_0344,1/6,8.0,100,163,178,187
5,3,4,10,IMG_0352,1/30,8.0,100,51,63,71
5,3,4,10,IMG_0353,1/40,8.0,100,41,51,59
5,3,4,10,IMG_0354,1/50,8.0,100,36,42,49
5,3,4,10,IMG_0355,1/8,8.0,100,145,161,171
5,3,4,10,IMG_0356,1/10,8.0,100,124,141,151
5,3,4,10,IMG_0357,1/13,8.0,100,107,123,132
5,3,4,10,IMG_0358,1/15,8.0,100,90,105,114
5,3,4,10,IMG_0359,1/20,8.0,100,73,86,95
5,3,4,10,IMG_0360,1/25,8.0,100,61,73,82
5,3,4,15,IMG_0334,1/6,8.0,100,179,192,202
5,3,4,15,IMG_0335,1/8,8.0,100,161,174,183
5,3,4,15,IMG_0336,1/10,8.0,100,140,154,165
5,3,4,15,IMG_0337,1/13,8.0,100,122,136,146
5,3,4,15,IMG_0338,1/15,8.0,100,104,117,127
5,3,4,15,IMG_0339,1/20,8.0,100,88,100,110
5,3,4,15,IMG_0340,1/25,8.0,100,69,80,89
5,3,4,15,IMG_0341,1/30,8.0,100,58,68,77
5,3,4,15,IMG_0342,1/40,8.0,100,46,55,64
5,3,4,15,IMG_0343,1/50,8.0,100,37,45,52
5,3,4,20,IMG_0319,1/6,8.0,100,163,175,186
5,3,4,20,IMG_0320,1/8,8.0,100,144,158,169
5,3,4,20,IMG_0321,1/10,8.0,100,123,137,148
5,3,4,20,IMG_0322,1/13,8.0,100,106,119,130
5,3,4,20,IMG_0324,1/15,8.0,100,87,99,110
5,3,4,20,IMG_0326,1/20,8.0,100,70,81,91
5,3,4,20,IMG_0327,1/25,8.0,100,57,68,77
5,3,4,20,IMG_0328,1/30,8.0,100,44,53,62
5,3,4,20,IMG_0329,1/40,8.0,100,36,44,51
5,3,4,20,IMG_0332,1/50,8.0,100,35,43,57
